imdb_id,genre
tt11165358,Animation
tt11165358,Action
tt11165358,Adventure
tt11165358,Comedy
tt11165358,Drama
tt11165358,Family
tt11165358,Fantasy
tt11165358,Musical
tt11165358,Sci-Fi
tt9059704,Comedy
tt9059704,Fantasy
tt11015214,Documentary
tt11015214,Crime
tt6994156,Animation
tt6994156,Action
tt6994156,Adventure
tt6994156,Comedy
tt6994156,Fantasy
tt6994156,Romance
tt6994156,Sci-Fi
tt6994156,Thriller
tt11094566,Game-Show
tt11076876,Documentary
tt8416494,Action
tt8416494,Adventure
tt8416494,Comedy
tt8416494,Drama
tt8416494,Mystery
tt8416494,Sci-Fi
tt11188392,Documentary
tt11188392,Comedy
tt9214692,Comedy
tt9214692,Drama
tt10650772,Animation
tt10650772,Adventure
tt10650772,Comedy
tt10650772,Family
tt10650772,Fantasy
tt12943032,Comedy
tt8146754,Animation
tt8146754,Short
tt8146754,Action
tt8146754,Adventure
tt8146754,Fantasy
tt8146754,Mystery
tt8146754,Romance
tt8146754,Sci-Fi
tt8146754,Thriller
tt11127698,Adventure
tt11127698,Game-Show
tt11048090,Reality-TV
tt8543208,Animation
tt8543208,Short
tt8543208,Adventure
tt8543208,Comedy
tt8543208,Family
tt8543208,Thriller
tt10380768,Comedy
tt10380768,Romance
tt11031770,Short
tt11031770,Comedy
tt11031770,Family
tt11031770,Music
tt11031770,Talk-Show
tt11394650,Documentary
tt8147076,Comedy
tt8147076,Drama
tt12708500,Documentary
tt12708500,Comedy
tt11459860,Comedy
tt5460226,Comedy
tt5460226,Crime
tt5460226,Drama
tt5460226,Mystery
tt5460226,Thriller
tt12564744,Short
tt12564744,Reality-TV
tt12564744,Talk-Show
tt10919294,Reality-TV
tt10919294,Romance
tt10399810,Animation
tt10399810,Adventure
tt10399810,Comedy
tt10399810,Family
tt3781380,Drama
tt3781380,Romance
tt9581768,Game-Show
tt9581768,Reality-TV
tt10466872,Action
tt10466872,Adventure
tt10466872,Drama
tt10466872,Sci-Fi
tt7569576,Comedy
tt7569576,Drama
tt7569576,Mystery
tt7569576,Thriller
tt7808566,Comedy
tt7808566,Drama
tt7808566,Sci-Fi
tt7808566,Thriller
tt9170108,Drama
tt9170108,Fantasy
tt9170108,Sci-Fi
tt9170108,Thriller
tt10574236,Adventure
tt10574236,Drama
tt10574236,Fantasy
tt10574236,Mystery
tt10574236,Sci-Fi
tt10574236,Thriller
tt2887954,Crime
tt2887954,Drama
tt2887954,Thriller
tt10556022,Comedy
tt10556022,Drama
tt12759084,Documentary
tt6417190,Game-Show
tt6417190,Reality-TV
tt1856010,Drama
tt1856010,Thriller
tt2309295,Drama
tt2309295,Fantasy
tt2309295,Horror
tt2309295,Mystery
tt2309295,Sci-Fi
tt2309295,Thriller
tt2372162,Comedy
tt2372162,Crime
tt2372162,Drama
tt2189461,Action
tt2189461,Adventure
tt2189461,Drama
tt2189461,History
tt3520702,Drama
tt3520702,Thriller
tt3322312,Action
tt3322312,Crime
tt3322312,Drama
tt3322312,Sci-Fi
tt3322312,Thriller
tt2431438,Drama
tt2431438,Mystery
tt2431438,Sci-Fi
tt2431438,Thriller
tt2707408,Biography
tt2707408,Crime
tt2707408,Drama
tt2707408,Thriller
tt2357547,Action
tt2357547,Crime
tt2357547,Drama
tt2357547,Sci-Fi
tt2357547,Thriller
tt4592410,Drama
tt4592410,Music
tt4592410,Musical
tt3322314,Action
tt3322314,Crime
tt3322314,Drama
tt3322314,Sci-Fi
tt3322314,Thriller
tt4635282,Drama
tt4635282,Fantasy
tt4635282,Mystery
tt4635282,Sci-Fi
tt4834206,Adventure
tt4834206,Comedy
tt4834206,Drama
tt4834206,Family
tt4834206,Mystery
tt3322310,Action
tt3322310,Adventure
tt3322310,Crime
tt3322310,Fantasy
tt3322310,Sci-Fi
tt1837492,Drama
tt1837492,Mystery
tt1837492,Thriller
tt6928052,Action
tt6928052,Adventure
tt6928052,Comedy
tt6928052,Drama
tt6928052,Family
tt6928052,Mystery
tt5503718,Drama
tt5503718,Thriller
tt6076336,Adventure
tt6076336,Comedy
tt6076336,Drama
tt6076336,Family
tt6076336,Mystery
tt6076336,Romance
tt6076336,Thriller
tt5290382,Crime
tt5290382,Drama
tt5290382,Mystery
tt5290382,Thriller
tt5675620,Action
tt5675620,Crime
tt5675620,Drama
tt5675620,Thriller
tt2261227,Action
tt2261227,Adventure
tt2261227,Drama
tt2261227,Sci-Fi
tt6297682,Crime
tt6297682,Drama
tt5232792,Adventure
tt5232792,Drama
tt5232792,Family
tt5232792,Mystery
tt5232792,Sci-Fi
tt7692572,Drama
tt7692572,Family
tt8021824,Drama
tt8021824,Horror
tt8021824,Mystery
tt8021824,Romance
tt8021824,Sci-Fi
tt8021824,Thriller
tt7569592,Drama
tt7569592,Fantasy
tt7569592,Horror
tt7569592,Mystery
tt7569592,Thriller
tt8714904,Biography
tt8714904,Crime
tt8714904,Drama
tt8714904,Thriller
tt6898970,Crime
tt6898970,Drama
tt6898970,Fantasy
tt8295472,Drama
tt8295472,Fantasy
tt8295472,Horror
tt7949204,Drama
tt7949204,Fantasy
tt7949204,Horror
tt7949204,Mystery
tt7949204,Thriller
tt8778064,Drama
tt8778064,Mystery
tt8778064,Sci-Fi
tt8778064,Thriller
tt8860450,Drama
tt8860450,Mystery
tt8860450,Thriller
tt9134194,Comedy
tt9134194,Crime
tt9134194,Drama
tt9134194,Mystery
tt8652642,Action
tt8652642,Crime
tt8652642,Drama
tt8652642,Fantasy
tt6905542,Adventure
tt6905542,Family
tt6905542,Fantasy
tt9348692,Crime
tt9348692,Drama
tt9348692,Mystery
tt9348692,Thriller
tt8509922,Comedy
tt8509922,Drama
tt8509922,Music
tt8509922,Musical
tt7403736,Drama
tt7403736,Horror
tt7403736,Sci-Fi
tt7913450,Drama
tt7913450,Musical
tt7671598,Drama
tt7671598,Mystery
tt7671598,Thriller
tt9117054,Drama
tt9117054,Sport
tt8826128,Adventure
tt8826128,Drama
tt8826128,Fantasy
tt8826128,Horror
tt8826128,Mystery
tt8826128,Sci-Fi
tt9698480,Crime
tt9698480,Drama
tt9698480,Mystery
tt9698480,Thriller
tt9426290,Action
tt9426290,Crime
tt9426290,Drama
tt9426290,Thriller
tt8741648,Action
tt8741648,Adventure
tt8741648,Family
tt8741648,Fantasy
tt8403664,Drama
tt8403664,History
tt8403664,Sport
tt9827854,Comedy
tt9827854,Drama
tt9073958,Crime
tt9073958,Drama
tt9073958,Mystery
tt9073958,Thriller
tt12574336,Drama
tt8210856,Adventure
tt8210856,Drama
tt8210856,Fantasy
tt8787802,Drama
tt8787802,Romance
tt8787802,Sci-Fi
tt12313074,Comedy
tt12313074,Drama
tt10473150,Drama
tt1758589,Comedy
tt1758589,Drama
tt1758589,Romance
tt9421868,Biography
tt9421868,Drama
tt9421868,Music
tt10767748,Drama
tt10767748,Mystery
tt10767748,Romance
tt10767748,Thriller
tt12083014,Comedy
tt12083014,Drama
tt12083014,Family
tt12083014,Sport
tt10893694,Crime
tt10893694,Drama
tt10893694,Fantasy
tt10893694,Mystery
tt5774002,Action
tt5774002,Adventure
tt5774002,Drama
tt5774002,Fantasy
tt5774002,Sci-Fi
tt9073940,Action
tt9073940,Crime
tt9073940,Drama
tt9073940,Mystery
tt9073940,Thriller
tt1267295,Action
tt1267295,Adventure
tt1267295,Comedy
tt1267295,Crime
tt1267295,Drama
tt1267295,Sci-Fi
tt4160920,Comedy
tt3339966,Comedy
tt4341500,Comedy
tt4861760,Family
tt4574708,Comedy
tt4061080,Comedy
tt4061080,Drama
tt4061080,Romance
tt3986586,Comedy
tt3986586,Drama
tt3986586,Family
tt4973548,Comedy
tt4973548,Drama
tt4973548,Romance
tt5228026,Comedy
tt4998212,Comedy
tt4998212,Western
tt4789300,Comedy
tt5562056,Comedy
tt5562056,Drama
tt5467814,Comedy
tt5467814,Drama
tt5467814,Family
tt5467814,Romance
tt5937754,Adventure
tt5937754,Comedy
tt5937754,Crime
tt5937754,Drama
tt5339440,Comedy
tt5339440,Drama
tt5580540,Comedy
tt5580540,Horror
tt5706996,Comedy
tt5707802,Comedy
tt5707802,Drama
tt5770786,Comedy
tt5770786,Drama
tt5770786,Sport
tt5565334,Comedy
tt5565334,Drama
tt6315640,Comedy
tt6315640,Drama
tt5884792,Comedy
tt6877772,Comedy
tt6877772,Crime
tt6877772,Drama
tt6877772,Mystery
tt3713588,Comedy
tt7078710,Comedy
tt7078710,Drama
tt7879820,Comedy
tt7879820,Drama
tt6916746,Comedy
tt6916746,Drama
tt6916746,Family
tt7661368,Comedy
tt7661368,Music
tt6487482,Comedy
tt6487482,Drama
tt6487482,Thriller
tt7183074,Comedy
tt7183074,Crime
tt7183074,Drama
tt7768010,Comedy
tt7768010,Family
tt8001718,Comedy
tt8001718,Family
tt7255502,Comedy
tt7255502,Drama
tt8304498,Comedy
tt8304498,Music
tt8009602,Comedy
tt9039142,Comedy
tt9039142,Drama
tt9039142,Family
tt8164794,Comedy
tt7718088,Short
tt7718088,Comedy
tt7718088,Drama
tt10186846,Short
tt10186846,Comedy
tt9098432,Comedy
tt8403536,Comedy
tt9717424,Comedy
tt7971476,Comedy
tt7971476,Drama
tt8880894,Comedy
tt8880894,Drama
tt8880894,Sci-Fi
tt8755226,Action
tt8755226,Adventure
tt8755226,Comedy
tt8755226,Drama
tt8755226,Fantasy
tt8755226,Horror
tt8755226,Mystery
tt8755226,Sci-Fi
tt8755226,Thriller
tt9770286,Comedy
tt10675488,Comedy
tt8404094,Adventure
tt8404094,Comedy
tt8404094,Drama
tt9850952,Comedy
tt10540562,Action
tt10540562,Adventure
tt10540562,Comedy
tt10540562,Drama
tt10540562,Family
tt10540562,Fantasy
tt10380934,Comedy
tt9446688,Comedy
tt9446688,Drama
tt9446688,Fantasy
tt9446688,Sci-Fi
tt11092086,Comedy
tt10726356,Comedy
tt10726356,Family
tt10930958,Comedy
tt10930958,Drama
tt10311562,Comedy
tt12800428,Comedy
tt12800428,Family
tt10584608,Comedy
tt10584608,Crime
tt10584608,Drama
tt10183988,Adventure
tt10183988,Comedy
tt10183988,Drama
tt10183988,Family
tt10183988,Fantasy
tt10183988,Musical
tt9310390,Comedy
tt9310390,Drama
tt10151772,Comedy
tt13316746,Comedy
tt10971022,Comedy
tt11717394,Comedy
tt11717394,Drama
tt11717394,Family
tt11717394,Music
tt13018090,Comedy
tt13018090,Family
tt5435008,Comedy
tt5435008,Drama
tt5669272,Comedy
tt4230076,Action
tt4230076,Adventure
tt4230076,Crime
tt4230076,Fantasy
tt4230076,Sci-Fi
tt5516154,Action
tt5516154,Drama
tt5516154,Western
tt5580146,Comedy
tt5580146,Drama
tt5580146,Sci-Fi
tt6763664,Drama
tt6763664,Horror
tt6763664,Mystery
tt6763664,Thriller
tt7137906,Biography
tt7137906,Crime
tt7137906,Drama
tt7137906,History
tt7087260,Drama
tt9067020,Adventure
tt9067020,Drama
tt9067020,Mystery
tt9067020,Sci-Fi
tt7909970,Crime
tt7909970,Drama
tt8771910,Biography
tt8771910,Drama
tt8771910,History
tt9815454,Drama
tt7322210,Drama
tt7322210,Music
tt10970552,Drama
tt10970552,Horror
tt10970552,Mystery
tt10970552,Thriller
tt10048342,Drama
tt9698442,Drama
tt9698442,Mystery
tt9698442,Thriller
tt9569546,Biography
tt9569546,Drama
tt11343600,Drama
tt11343600,Horror
tt11343600,Mystery
tt11343600,Thriller
tt10888878,Crime
tt10888878,Drama
tt10888878,Mystery
tt10888878,Thriller
tt10574558,Drama
tt10574558,Fantasy
tt10574558,Horror
tt10574558,Mystery
tt11337908,Drama
tt12624928,Biography
tt12624928,Drama
tt12624928,Sport
tt13655456,Crime
tt13655456,Drama
tt13655456,Thriller
tt3398228,Animation
tt3398228,Comedy
tt3398228,Drama
tt4326894,Animation
tt4326894,Comedy
tt4326894,Drama
tt7343832,Animation
tt7343832,Action
tt7343832,Adventure
tt7343832,Comedy
tt7343832,Fantasy
tt7343832,Sci-Fi
tt8912244,Animation
tt8912244,Comedy
tt8912244,Fantasy
tt9814900,Animation
tt9814900,Comedy
tt8036272,Animation
tt8036272,Comedy
tt11639414,Animation
tt11639414,Adventure
tt11639414,Comedy
tt11639414,Fantasy
tt11639414,Sci-Fi
tt9077562,Animation
tt9077562,Comedy
tt9077562,Sport
tt9308682,Animation
tt9308682,Drama
tt9308682,War
tt6517102,Animation
tt6517102,Action
tt6517102,Adventure
tt6517102,Drama
tt6517102,Fantasy
tt6517102,Horror
tt6660498,Animation
tt6660498,Action
tt6660498,Drama
tt6660498,Fantasy
tt6660498,Horror
tt8116380,Animation
tt8116380,Action
tt8116380,Sci-Fi
tt7415066,Animation
tt7415066,Fantasy
tt7211600,Animation
tt7211600,Adventure
tt7211600,Drama
tt7211600,Fantasy
tt7211600,Music
tt7211600,Musical
tt7211600,Romance
tt7211600,Sci-Fi
tt6357658,Animation
tt6357658,Action
tt6357658,Drama
tt6357658,Sport
tt9316078,Animation
tt9316078,Action
tt9316078,Crime
tt9316078,Sci-Fi
tt9348716,Animation
tt9348716,Short
tt9348716,Comedy
tt9348716,Family
tt9348718,Animation
tt9348718,Action
tt9348718,Adventure
tt9348718,Drama
tt9348718,Horror
tt9348718,Mystery
tt9348718,Romance
tt9348718,Sci-Fi
tt6908976,Animation
tt6908976,Action
tt6908976,Adventure
tt6908976,Fantasy
tt6908976,Sci-Fi
tt9058134,Animation
tt9058134,Action
tt9058134,Sport
tt5066664,Animation
tt5066664,Fantasy
tt10106108,Animation
tt10106108,Action
tt10106108,Adventure
tt10106108,Crime
tt10106108,Drama
tt10106108,Fantasy
tt10380814,Animation
tt10380814,Comedy
tt10380814,Family
tt10380814,Fantasy
tt10380814,Sci-Fi
tt10619444,Animation
tt10619444,Action
tt10619444,Sci-Fi
tt11163352,Animation
tt11163352,Comedy
tt9288892,Animation
tt9288892,Action
tt9288892,Drama
tt9288892,Sci-Fi
tt12031040,Animation
tt12031040,Adventure
tt12031040,Drama
tt12031040,Sci-Fi
tt9789660,Animation
tt9789660,Action
tt9789660,Adventure
tt9789660,Sci-Fi
tt9731266,Animation
tt9731266,Action
tt9731266,Adventure
tt9731266,Fantasy
tt9731266,Sci-Fi
tt10011298,Animation
tt10011298,Action
tt10011298,Adventure
tt10011298,Drama
tt10011298,Fantasy
tt10011298,Horror
tt10011298,Sci-Fi
tt3010520,Animation
tt3010520,Action
tt3010520,Adventure
tt3010520,Comedy
tt3010520,Family
tt3010520,Sport
tt3692064,Animation
tt3692064,Short
tt3692064,Adventure
tt3692064,Comedy
tt3692064,Family
tt3692064,Music
tt3807022,Animation
tt3807022,Action
tt3807022,Adventure
tt3807022,Comedy
tt3807022,Family
tt3807022,Fantasy
tt3807034,Animation
tt3807034,Action
tt3807034,Adventure
tt3807034,Comedy
tt3807034,Family
tt3807034,Fantasy
tt3807034,Mystery
tt3807034,Western
tt4995636,Animation
tt4995636,Adventure
tt4995636,Drama
tt4995636,Fantasy
tt4995636,Music
tt4816058,Animation
tt4816058,Action
tt4816058,Adventure
tt4816058,Comedy
tt4816058,Family
tt4816058,Fantasy
tt1396212,Animation
tt1396212,Action
tt1396212,Adventure
tt1396212,Comedy
tt1396212,Family
tt1396212,Sci-Fi
tt5021206,Animation
tt5021206,Adventure
tt5021206,Comedy
tt5021206,Family
tt5021206,History
tt5021206,Musical
tt5021206,Sci-Fi
tt4210022,Animation
tt4680360,Animation
tt5193172,Animation
tt5193172,Adventure
tt5193172,Comedy
tt5193172,Family
tt5075942,Animation
tt5075942,Action
tt5075942,Adventure
tt5075942,Family
tt5075942,Fantasy
tt5075942,Sci-Fi
tt6464612,Animation
tt5462936,Animation
tt5462936,Action
tt5462936,Adventure
tt5462936,Comedy
tt5462936,Family
tt5462936,Sci-Fi
tt5580664,Animation
tt5580664,Action
tt5580664,Adventure
tt5580664,Comedy
tt5580664,Drama
tt5580664,Family
tt5580664,Fantasy
tt5580664,Sci-Fi
tt1870073,Animation
tt1870073,Adventure
tt1870073,Comedy
tt1870073,Family
tt1870073,Fantasy
tt5759196,Animation
tt5759196,Adventure
tt5759196,Comedy
tt5759196,Family
tt5759196,Fantasy
tt5759196,Sci-Fi
tt5846856,Animation
tt5846856,Adventure
tt5846856,Comedy
tt5846856,Family
tt5846856,Musical
tt5846856,Mystery
tt6035850,Animation
tt6035850,Action
tt6035850,Adventure
tt6035850,Comedy
tt6035850,Drama
tt6035850,Family
tt6035850,Fantasy
tt5916218,Animation
tt5916218,Action
tt5916218,Adventure
tt5916218,Comedy
tt5916218,Family
tt5916218,Fantasy
tt5874596,Animation
tt5874596,Action
tt5874596,Comedy
tt5874596,Family
tt5874596,Fantasy
tt5874596,Mystery
tt4588068,Animation
tt4588068,Family
tt4588068,Fantasy
tt1734135,Animation
tt1734135,Action
tt1734135,Adventure
tt1734135,Comedy
tt1734135,Family
tt1734135,Fantasy
tt1734135,Sci-Fi
tt6216718,Animation
tt6216718,Action
tt6216718,Adventure
tt6216718,Comedy
tt6216718,Family
tt6216718,Sci-Fi
tt6495788,Animation
tt6562134,Animation
tt6562134,Short
tt6562134,Adventure
tt6562134,Comedy
tt6562134,Family
tt6562134,Music
tt5038900,Animation
tt5038900,Short
tt5038900,Action
tt5038900,Adventure
tt5038900,Comedy
tt5038900,Drama
tt5038900,Family
tt5038900,Fantasy
tt5038900,History
tt5038900,Horror
tt5038900,Mystery
tt5038900,Romance
tt5038900,Sci-Fi
tt6591468,Animation
tt6591468,Action
tt6591468,Comedy
tt6591468,Family
tt6591468,Sport
tt6710836,Animation
tt6710836,Action
tt6710836,Adventure
tt6710836,Comedy
tt6710836,Drama
tt6710836,Family
tt6710836,Western
tt6865906,Animation
tt6865906,Adventure
tt6865906,Comedy
tt6865906,Family
tt6865906,Fantasy
tt5607658,Animation
tt5607658,Adventure
tt5607658,Comedy
tt5607658,Family
tt5607658,Fantasy
tt5607658,Musical
tt7322926,Animation
tt7322926,Adventure
tt7322926,Family
tt7322926,Fantasy
tt3869122,Animation
tt3869122,Adventure
tt3869122,Comedy
tt3869122,Family
tt3869122,Fantasy
tt6214876,Animation
tt6214876,Adventure
tt6214876,Comedy
tt6214876,Family
tt6214876,Horror
tt6214876,Musical
tt7620702,Animation
tt7620702,Action
tt7620702,Adventure
tt7620702,Comedy
tt7620702,Family
tt1379164,Animation
tt1379164,Action
tt1379164,Adventure
tt1379164,Comedy
tt1379164,Sci-Fi
tt7539608,Animation
tt7539608,Adventure
tt7539608,Comedy
tt7539608,Family
tt7539608,Fantasy
tt7539608,Musical
tt7539608,Romance
tt4781350,Animation
tt4781350,Adventure
tt4781350,Family
tt7924854,Animation
tt7741824,Animation
tt7741824,Adventure
tt7741824,Comedy
tt7741824,Family
tt7741824,Fantasy
tt6714408,Animation
tt6714408,Action
tt6714408,Adventure
tt6714408,Comedy
tt6714408,Family
tt6714408,Sci-Fi
tt9315892,Animation
tt9315892,Family
tt9315892,Musical
tt6193336,Animation
tt6193336,Adventure
tt6193336,Drama
tt6193336,Family
tt6193336,Mystery
tt6193336,Sci-Fi
tt7758552,Animation
tt7758552,Adventure
tt7758552,Comedy
tt7758552,Family
tt7741830,Animation
tt7741830,Action
tt7741830,Adventure
tt7741830,Comedy
tt7741830,Drama
tt7741830,Family
tt7741830,Sci-Fi
tt8697554,Animation
tt8697554,Action
tt8697554,Comedy
tt8697554,Family
tt9077194,Animation
tt9077194,Short
tt9077194,Adventure
tt9077194,Comedy
tt9077194,Family
tt7745956,Animation
tt7745956,Action
tt7745956,Adventure
tt7745956,Family
tt7745956,Fantasy
tt7745956,Romance
tt7745956,Sci-Fi
tt9203064,Animation
tt9203064,Action
tt9203064,Adventure
tt9203064,Comedy
tt9203064,Drama
tt9203064,Family
tt9203064,Fantasy
tt8959860,Animation
tt8959860,Short
tt8959860,Comedy
tt8959860,Family
tt8959860,Fantasy
tt8959860,Musical
tt7736544,Animation
tt7736544,Action
tt7736544,Adventure
tt7736544,Comedy
tt7736544,Family
tt7736544,Fantasy
tt7736544,Sci-Fi
tt5621544,Animation
tt5621544,Comedy
tt5621544,Family
tt7042146,Animation
tt7042146,Action
tt7042146,Adventure
tt7042146,Family
tt7042146,Mystery
tt7042146,Thriller
tt9817288,Animation
tt9817288,Family
tt10050752,Animation
tt10050752,Short
tt10050752,Adventure
tt10050752,Comedy
tt10050752,Family
tt10050752,Fantasy
tt10370958,Animation
tt10522374,Family
tt8009622,Animation
tt8009622,Action
tt8009622,Adventure
tt8009622,Comedy
tt8009622,Family
tt8009622,Fantasy
tt10687624,Animation
tt10687624,Comedy
tt10687624,Drama
tt10687624,Family
tt10687624,Western
tt9165404,Animation
tt9165404,Adventure
tt9165404,Comedy
tt9165404,Family
tt9165404,Fantasy
tt9165404,Sci-Fi
tt8914012,Animation
tt8914012,Adventure
tt8914012,Comedy
tt8914012,Family
tt8914012,Horror
tt10687134,Animation
tt10687134,Action
tt10687134,Adventure
tt10687134,Comedy
tt10687134,Family
tt10687134,Fantasy
